date,bin_start,issued_at,pred_A,pred_B,pred_dow_mean
2026-09-29,07:00,2026-09-29T05:04:06.953520+00:00,19.0,19.0,16.0
2026-09-29,07:30,2026-09-29T05:04:06.953520+00:00,21.0,21.0,16.0
2026-09-29,08:00,2026-09-29T05:04:06.953520+00:00,26.0,26.0,21.0
2026-09-29,08:30,2026-09-29T05:04:06.953520+00:00,50.0,50.0,42.0
2026-09-29,09:00,2026-09-29T05:04:06.953520+00:00,92.0,92.0,75.0
2026-09-29,09:30,2026-09-29T05:04:06.953520+00:00,108.0,108.0,89.0
2026-09-29,10:00,2026-09-29T05:04:06.953520+00:00,121.0,121.0,100.0
2026-09-29,10:30,2026-09-29T05:04:06.953520+00:00,129.0,129.0,109.0
2026-09-29,11:00,2026-09-29T05:04:06.953520+00:00,137.0,137.0,116.0
2026-09-29,11:30,2026-09-29T05:04:06.953520+00:00,137.0,137.0,116.0
2026-09-29,12:00,2026-09-29T05:04:06.953520+00:00,141.0,141.0,124.0
2026-09-29,12:30,2026-09-29T05:04:06.953520+00:00,156.0,156.0,131.0
2026-09-29,13:00,2026-09-29T05:04:06.953520+00:00,161.0,161.0,136.0
2026-09-29,13:30,2026-09-29T05:04:06.953520+00:00,169.0,169.0,144.0
2026-09-29,14:00,2026-09-29T05:04:06.953520+00:00,171.0,171.0,146.0
2026-09-29,14:30,2026-09-29T05:04:06.953520+00:00,171.0,171.0,148.0
2026-09-29,15:00,2026-09-29T05:04:06.953520+00:00,169.0,169.0,146.0
2026-09-29,15:30,2026-09-29T05:04:06.953520+00:00,166.0,166.0,144.0
2026-09-29,16:00,2026-09-29T05:04:06.953520+00:00,160.0,160.0,141.0
2026-09-29,16:30,2026-09-29T05:04:06.953520+00:00,154.0,154.0,131.0
2026-09-29,17:00,2026-09-29T05:04:06.953520+00:00,138.0,138.0,118.0
2026-09-29,17:30,2026-09-29T05:04:06.953520+00:00,108.0,108.0,95.0
2026-09-29,18:00,2026-09-29T05:04:06.953520+00:00,85.0,85.0,74.0
2026-09-29,18:30,2026-09-29T05:04:06.953520+00:00,68.0,68.0,64.0
2026-09-29,19:00,2026-09-29T05:04:06.953520+00:00,55.0,55.0,52.0
2026-09-29,19:30,2026-09-29T05:04:06.953520+00:00,44.0,44.0,44.0
2026-09-29,20:00,2026-09-29T05:04:06.953520+00:00,35.0,35.0,31.0
2026-09-29,20:30,2026-09-29T05:04:06.953520+00:00,28.0,28.0,23.0
2026-09-29,21:00,2026-09-29T05:04:06.953520+00:00,25.0,25.0,21.0
2026-09-29,21:30,2026-09-29T05:04:06.953520+00:00,21.0,21.0,19.0
2026-09-30,07:00,2026-09-29T19:00:14.912965+00:00,15.0,15.0,15.0
2026-09-30,07:30,2026-09-29T19:00:14.912965+00:00,17.0,17.0,18.0
2026-09-30,08:00,2026-09-29T19:00:14.912965+00:00,24.0,24.0,23.0
2026-09-30,08:30,2026-09-29T19:00:14.912965+00:00,49.0,49.0,44.0
2026-09-30,09:00,2026-09-29T19:00:14.912965+00:00,87.0,87.0,74.0
2026-09-30,09:30,2026-09-29T19:00:14.912965+00:00,100.0,100.0,86.0
2026-09-30,10:00,2026-09-29T19:00:14.912965+00:00,112.0,112.0,95.0
2026-09-30,10:30,2026-09-29T19:00:14.912965+00:00,120.0,120.0,105.0
2026-09-30,11:00,2026-09-29T19:00:14.912965+00:00,129.0,129.0,114.0
2026-09-30,11:30,2026-09-29T19:00:14.912965+00:00,131.0,131.0,115.0
2026-09-30,12:00,2026-09-29T19:00:14.912965+00:00,134.0,134.0,126.0
2026-09-30,12:30,2026-09-29T19:00:14.912965+00:00,144.0,144.0,123.0
2026-09-30,13:00,2026-09-29T19:00:14.912965+00:00,151.0,151.0,134.0
2026-09-30,13:30,2026-09-29T19:00:14.912965+00:00,156.0,156.0,138.0
2026-09-30,14:00,2026-09-29T19:00:14.912965+00:00,154.0,154.0,139.0
2026-09-30,14:30,2026-09-29T19:00:14.912965+00:00,156.0,156.0,139.0
2026-09-30,15:00,2026-09-29T19:00:14.912965+00:00,153.0,153.0,139.0
2026-09-30,15:30,2026-09-29T19:00:14.912965+00:00,150.0,150.0,135.0
2026-09-30,16:00,2026-09-29T19:00:14.912965+00:00,150.0,150.0,134.0
2026-09-30,16:30,2026-09-29T19:00:14.912965+00:00,147.0,147.0,129.0
2026-09-30,17:00,2026-09-29T19:00:14.912965+00:00,138.0,138.0,118.0
2026-09-30,17:30,2026-09-29T19:00:14.912965+00:00,112.0,112.0,100.0
2026-09-30,18:00,2026-09-29T19:00:14.912965+00:00,87.0,87.0,76.0
2026-09-30,18:30,2026-09-29T19:00:14.912965+00:00,70.0,70.0,66.0
2026-09-30,19:00,2026-09-29T19:00:14.912965+00:00,62.0,62.0,59.0
2026-09-30,19:30,2026-09-29T19:00:14.912965+00:00,54.0,54.0,50.0
2026-09-30,20:00,2026-09-29T19:00:14.912965+00:00,38.0,38.0,43.0
2026-09-30,20:30,2026-09-29T19:00:14.912965+00:00,30.0,30.0,35.0
2026-09-30,21:00,2026-09-29T19:00:14.912965+00:00,26.0,26.0,32.0
2026-09-30,21:30,2026-09-29T19:00:14.912965+00:00,23.0,23.0,29.0
