measured_at,building_key,client_count
2026-10-01T00:00:00.006Z,alpha,66
2026-10-01T00:00:00.006Z,delta,8
2026-10-01T00:00:00.006Z,epsilon,22
2026-10-01T00:00:00.006Z,iota,8
2026-10-01T00:00:00.006Z,kappa,13
2026-10-01T00:00:00.006Z,lambda,22
2026-10-01T00:00:00.006Z,lounge,4
2026-10-01T00:00:00.006Z,mu,35
2026-10-01T00:00:00.006Z,omega,0
2026-10-01T00:00:00.006Z,omicron,8
2026-10-01T00:00:00.006Z,sigma,0
2026-10-01T00:00:00.006Z,tau,11
2026-10-01T00:00:00.006Z,theta,22
2026-10-01T00:05:00.029Z,alpha,75
2026-10-01T00:05:00.029Z,delta,8
2026-10-01T00:05:00.029Z,epsilon,49
2026-10-01T00:05:00.029Z,iota,9
2026-10-01T00:05:00.029Z,kappa,25
2026-10-01T00:05:00.029Z,lambda,21
2026-10-01T00:05:00.029Z,lounge,7
2026-10-01T00:05:00.029Z,mu,21
2026-10-01T00:05:00.029Z,omega,2
2026-10-01T00:05:00.029Z,omicron,9
2026-10-01T00:05:00.029Z,sigma,12
2026-10-01T00:05:00.029Z,tau,12
2026-10-01T00:05:00.029Z,theta,27
